survived_first_day,invitedByFriend,NumberOfFriends,signed_while_game,big_team_fan,activities_first_day,activities_first_week,survived_first_week,total_activities,trivia_duties_first_day,poll_duties_first_day,formation_duties_first_day,article_duties_first_day,rateUs_duties_first_day,OnMyWay_duties_first_day,inviteFriend_duties_first_day,TVWatchRequest_duties_first_day,TVWatch_duties_first_day,Stadium_duties_first_day,FriendsSawWith_duties_first_day,success_trivia_duties_first_day,failed_trivia_duties_first_day,read_article_duties_first_day,not_read_duties_first_day,total_comments_first_day,sum_trivia_feed,sum_poll_feed,sum_article_feed,article_ratio,poll_ratio,trivia_ratio
False,0.20492141115342116,1.6905168409089466,0.40904010770878485,0.0,17.705821873620597,0.0,0.20184347856849003,180.26821299957703,4.437293359295104,3.593132449098032,0.38868368349693394,12.864587892247203,0.14626671474867745,0.0978463517226348,0.08289710812300298,0.22721728452687603,0.1599930513377917,0.012254381930584477,1.2156554433262978,1.936867281387933,2.9924963629174384,6.310377636011668,10.321230856141424,0.3396258340983492,32.17807191497055,22.612636242977747,416.00279387074136,0.9898909663023242,4.78117779294167,5.673060665286864
True,0.20831188065125725,2.360325913849538,0.4074131880838985,0.0,40.43427171784619,78.49533043143217,0.49957239983302865,1071.1014666035705,8.18361835903358,6.136056916687942,0.46616541288995467,32.03556945731156,0.25794514756412296,0.09698338467083666,0.19545748145781838,0.3253705101646332,0.2222710637008057,0.02816346070113083,1.376009588046095,3.6957604207594588,5.359844259205448,19.380299579443303,23.3449737902456,0.9859319023840573,32.05459091159691,22.169103208282362,414.293302704499,2.8822271631365557,8.675025805676745,9.323542404999687
